Seed,Lower Cutoff Value,Upper Cutoff Value,Strategy,Metric,Task 1 - 1,Task 1 - 2,Task 1 - 3,Task 1 - 4,Task 2 - 1,Task 2 - 2,Task 2 - 3,Task 2 - 4,Task 3 - 1,Task 3 - 2,Task 3 - 3,Task 3 - 4,Task 4 - 1,Task 4 - 2,Task 4 - 3,Task 4 - 4
31,20,20,uniform,-,0.1167181964210514,0.10601456296131626,0.10409108636642056,0.09838278471569112,0.05092846520650694,0.04018491851566173,0.03994062773477724,0.04047587881115583,0.058609663021782187,0.06516452645754114,0.0506765196913174,0.05130169249135087,0.0882665422435828,0.10837521464042439,0.11044395906751892,0.06796383084857394
31,20,20,simple_sorted,vog,0.1167181964210514,0.10613628053688733,0.10600684270137499,0.09502180342737897,0.05092846520650694,0.039741272776038054,0.03926493943933088,0.03836296690910798,0.058609663021782187,0.06601571865219007,0.050402532378546624,0.04941682622257226,0.0882665422435828,0.10847488473112785,0.11065801960546047,0.0646564983900029
31,20,20,simple_sorted,learning_speed,0.1167181964210514,0.10984835763762507,0.10973328620092267,0.0933235934979245,0.05092846520650694,0.04038088916024369,0.04108898407408706,0.038190220556833,0.058609663021782187,0.06589875962764569,0.05026587634437574,0.0509490947005626,0.0882665422435828,0.11046121753971797,0.11327295734278112,0.06430249083018724
31,20,20,simple_sorted,mc_variance,0.1167181964210514,0.10401409366492641,0.10128352680951136,0.09499326838871894,0.05092846520650694,0.040276462232485884,0.04010588781198321,0.03941947867330644,0.058609663021782187,0.06573577578976858,0.05009680890746716,0.05067345260848112,0.0882665422435828,0.10703873962222477,0.10919368712044887,0.06656327755839979
31,20,35,uniform,-,0.1167181964210514,0.10601456296131626,0.10409108636642056,0.09838278471569112,0.05092846520650694,0.04018491851566173,0.03994062773477724,0.04047587881115583,0.058609663021782187,0.06516452645754114,0.0506765196913174,0.05130169249135087,0.0882665422435828,0.10837521464042439,0.11044395906751892,0.06796383084857394
31,20,35,simple_sorted,vog,0.1167181964210514,0.102797724619633,0.10549376403348491,0.09723941088312048,0.05092846520650694,0.03951055778131785,0.03983030790585843,0.038347584401980515,0.058609663021782187,0.06576101022592618,0.05080928301771636,0.04946741532672487,0.0882665422435828,0.10840797002751139,0.11170071820144803,0.06526102392050513
31,20,35,simple_sorted,learning_speed,0.1167181964210514,0.10420377974573834,0.10568198389306967,0.10232292279947293,0.05092846520650694,0.03974419623869538,0.04170491968663169,0.0423621291759021,0.058609663021782187,0.06565651157381261,0.049770009933285904,0.05406253523897848,0.0882665422435828,0.10906956343379143,0.11500764970460903,0.06510209053579154
31,20,35,simple_sorted,mc_variance,0.1167181964210514,0.10342580330472033,0.09157199619197044,0.09261086148551002,0.05092846520650694,0.04056892900548897,0.03871303834341317,0.03929905877755501,0.058609663021782187,0.06348909939859344,0.048668967470254565,0.05073031741872174,0.0882665422435828,0.10748345983051832,0.10801164065222375,0.06684321094823961
31,20,50,uniform,-,0.1167181964210514,0.10601456296131626,0.10409108636642056,0.09838278471569112,0.05092846520650694,0.04018491851566173,0.03994062773477724,0.04047587881115583,0.058609663021782187,0.06516452645754114,0.0506765196913174,0.05130169249135087,0.0882665422435828,0.10837521464042439,0.11044395906751892,0.06796383084857394
31,20,50,simple_sorted,vog,0.1167181964210514,0.10600152501244386,0.10281659162580761,0.0996325439117477,0.05092846520650694,0.041053854770168534,0.03958056130176971,0.03986408539692789,0.058609663021782187,0.06385106333197978,0.050174219606987466,0.05149162158691626,0.0882665422435828,0.10826413143126107,0.11153639744681787,0.06679280345238496
31,20,50,simple_sorted,learning_speed,0.1167181964210514,0.1064206785455648,0.09852380111437886,0.09331538709036148,0.05092846520650694,0.040724490980022614,0.04260835558773795,0.040407888390614856,0.058609663021782187,0.06446111921322036,0.048747939468419675,0.0519124091364233,0.0882665422435828,0.1085446678350857,0.11122244549640738,0.06390289403132231
31,20,50,simple_sorted,mc_variance,0.1167181964210514,0.10287414608293986,0.09973954576934498,0.09431990631959607,0.05092846520650694,0.040004223875466594,0.04017382146294274,0.03918701318068627,0.058609663021782187,0.0646721127287881,0.04947421434642072,0.04960880565854417,0.0882665422435828,0.1076676495417162,0.10941234459343031,0.06583775448190206
31,35,20,uniform,-,0.1167181964210514,0.10601456296131626,0.10409108636642056,0.09838278471569112,0.05092846520650694,0.04018491851566173,0.03994062773477724,0.04047587881115583,0.058609663021782187,0.06516452645754114,0.0506765196913174,0.05130169249135087,0.0882665422435828,0.10837521464042439,0.11044395906751892,0.06796383084857394
31,35,20,simple_sorted,vog,0.1167181964210514,0.11121723443284462,0.1056448805173081,0.10069736029567898,0.05092846520650694,0.040268841787190694,0.04053382197218843,0.039924767092510756,0.058609663021782187,0.0668073409027201,0.05003430233782804,0.05033584292844045,0.0882665422435828,0.10982585456844397,0.11128648641301513,0.06697536252570761
31,35,20,simple_sorted,learning_speed,0.1167181964210514,0.11750600706865101,0.11403468464838651,0.11304008506986096,0.05092846520650694,0.04006241536072127,0.039921587654376096,0.04094311132130445,0.058609663021782187,0.06517797823960304,0.05034947085261807,0.051130401012840755,0.0882665422435828,0.11246801043306212,0.11618817367816019,0.06678763553061046
31,35,20,simple_sorted,mc_variance,0.1167181964210514,0.10390420674217024,0.09784782292285416,0.09830115092490135,0.05092846520650694,0.04042552070836283,0.03901089597226556,0.03990455800960945,0.058609663021782187,0.06571656257722282,0.04975379618347582,0.05114844749827509,0.0882665422435828,0.10867772448976289,0.10917230333935302,0.06756963383238067
31,35,35,uniform,-,0.1167181964210514,0.10601456296131626,0.10409108636642056,0.09838278471569112,0.05092846520650694,0.04018491851566173,0.03994062773477724,0.04047587881115583,0.058609663021782187,0.06516452645754114,0.0506765196913174,0.05130169249135087,0.0882665422435828,0.10837521464042439,0.11044395906751892,0.06796383084857394
31,35,35,simple_sorted,vog,0.1167181964210514,0.11330892376185524,0.10390303138453832,0.10084814879190668,0.05092846520650694,0.041141666860498464,0.03878821821130791,0.0393504720021114,0.058609663021782187,0.06520902114344619,0.04977631153292463,0.05075520207753944,0.0882665422435828,0.10967215971768722,0.11169614410119347,0.06512880243346358
31,35,35,simple_sorted,learning_speed,0.1167181964210514,0.13362326836503502,0.13302164353537077,0.12455156093414503,0.05092846520650694,0.039936682624598284,0.04196594280636413,0.04019031060117705,0.058609663021782187,0.06799654757442168,0.05016184202794812,0.05041391802018825,0.0882665422435828,0.11758553244041788,0.12019478291097464,0.06574290744916395
31,35,35,simple_sorted,mc_variance,0.1167181964210514,0.10416304752842012,0.10288451558224823,0.09608999679893535,0.05092846520650694,0.04036770276832034,0.0405240486549443,0.04010696219851431,0.058609663021782187,0.06513782410444842,0.04942564160769726,0.05016742645869548,0.0882665422435828,0.1101610227863072,0.11026375613418685,0.06567906285315928
31,35,50,uniform,-,0.1167181964210514,0.10601456296131626,0.10409108636642056,0.09838278471569112,0.05092846520650694,0.04018491851566173,0.03994062773477724,0.04047587881115583,0.058609663021782187,0.06516452645754114,0.0506765196913174,0.05130169249135087,0.0882665422435828,0.10837521464042439,0.11044395906751892,0.06796383084857394
31,35,50,simple_sorted,vog,0.1167181964210514,0.10788698297765546,0.1019394100743594,0.0956858579793073,0.05092846520650694,0.04010559590293206,0.03869642432576264,0.038215005841842696,0.058609663021782187,0.06507175735300526,0.04954706039228159,0.051369574760031685,0.0882665422435828,0.10911675216172674,0.10956191958050832,0.06551740562986062
31,35,50,simple_sorted,learning_speed,0.1167181964210514,0.130067801864443,0.12690639330854053,0.13249358444949275,0.05092846520650694,0.03921439244617364,0.03815295880708448,0.04013759891761408,0.058609663021782187,0.06660240021079168,0.04848465044721425,0.05090357608140735,0.0882665422435828,0.11758046089314758,0.12084298049537044,0.06485208137096263
31,35,50,simple_sorted,mc_variance,0.1167181964210514,0.10334299674908595,0.09958967841973826,0.09385435851092865,0.05092846520650694,0.040842342240079425,0.04085267109310729,0.04005391515770068,0.058609663021782187,0.06910517688079902,0.04990266701366338,0.049807877882317275,0.0882665422435828,0.11445564382905342,0.10939519525979498,0.06567345866988357
42,20,20,uniform,-,0.09266583741565654,0.08652603643929316,0.08572576756649422,0.08402082994322463,0.0691692960296456,0.040449253604200305,0.04104236886972684,0.041301901156034715,0.058035398690688654,0.06488924878832379,0.04784477627864515,0.05246393464188188,0.2799972377732133,0.233156264179582,0.23912634362406252,0.0656687836281677
42,20,20,simple_sorted,vog,0.09266583741565654,0.08758916680434524,0.08297717447511878,0.09337330819119101,0.0691692960296456,0.040743085716378726,0.03937067452679391,0.04138942632429238,0.058035398690688654,0.06554251358399552,0.04706233017472319,0.05122681368630963,0.2799972377732133,0.22820790015409878,0.24096312457311364,0.06790157941797627
42,20,20,simple_sorted,learning_speed,0.09266583741565654,0.08496965162246108,0.07769335418188271,0.08849356702454775,0.0691692960296456,0.039854050365764976,0.04143704302331438,0.041790215607017366,0.058035398690688654,0.06663486696305562,0.04634485610229374,0.0519775402235866,0.2799972377732133,0.23699467823875442,0.24060937885216974,0.06663303689076062
42,20,20,simple_sorted,mc_variance,0.09266583741565654,0.08280826663829523,0.08137974253516356,0.07841185255328795,0.0691692960296456,0.04046152895022941,0.03912554928088256,0.039975318936017315,0.058035398690688654,0.06816269722048195,0.047761106068875556,0.04939280601252359,0.2799972377732133,0.2313384733406172,0.24575556846873464,0.0654561523721354
42,20,35,uniform,-,0.09266583741565654,0.08652603643929316,0.08572576756649422,0.08402082994322463,0.0691692960296456,0.040449253604200305,0.04104236886972684,0.041301901156034715,0.058035398690688654,0.06488924878832379,0.04784477627864515,0.05246393464188188,0.2799972377732133,0.233156264179582,0.23912634362406252,0.0656687836281677
42,20,35,simple_sorted,vog,0.09266583741565654,0.08876169900521746,0.082186870273245,0.0783802461223442,0.0691692960296456,0.04078453857782577,0.0403001979292293,0.03885571956634522,0.058035398690688654,0.06496595096113145,0.047404837694099485,0.04983783995306947,0.2799972377732133,0.23062958698609956,0.24630545398809586,0.06447759481450664
42,20,35,simple_sorted,learning_speed,0.09266583741565654,0.08549309047919597,0.0958425097104882,0.08541037078193668,0.0691692960296456,0.04019976768930867,0.04343776593577213,0.04196083320246043,0.058035398690688654,0.06818504556477499,0.0485396886571178,0.052652632589820475,0.2799972377732133,0.22948514736003164,0.2342707796977405,0.0649000173233347
42,20,35,simple_sorted,mc_variance,0.09266583741565654,0.07925690027728154,0.07434423006352846,0.07905117898545994,0.0691692960296456,0.03996280394174308,0.03888186520355137,0.040298484867828284,0.058035398690688654,0.0672600839305597,0.04710137929847772,0.050752301867917286,0.2799972377732133,0.23412238076065753,0.25397321564275294,0.06582145811532476
42,20,50,uniform,-,0.09266583741565654,0.08652603643929316,0.08572576756649422,0.08402082994322463,0.0691692960296456,0.040449253604200305,0.04104236886972684,0.041301901156034715,0.058035398690688654,0.06488924878832379,0.04784477627864515,0.05246393464188188,0.2799972377732133,0.233156264179582,0.23912634362406252,0.0656687836281677
42,20,50,simple_sorted,vog,0.09266583741565654,0.08065994175954791,0.07953850809324513,0.08140120562856526,0.0691692960296456,0.039877160162502166,0.0399278481573635,0.03946544235961827,0.058035398690688654,0.06530747970429059,0.04758375945774705,0.050939104111074544,0.2799972377732133,0.23263681286210394,0.23938084866536857,0.0651664678849031
42,20,50,simple_sorted,learning_speed,0.09266583741565654,0.09164435405042934,0.08288824882356471,0.08995344965279957,0.0691692960296456,0.041938779347263984,0.04396836498063751,0.04462099922420644,0.058035398690688654,0.06504075970515139,0.04637057456643,0.05710672065574422,0.2799972377732133,0.23154143593868712,0.24474881112224225,0.06312386548120989
42,20,50,simple_sorted,mc_variance,0.09266583741565654,0.08437520421735732,0.06901482727288374,0.07220031469102785,0.0691692960296456,0.04126079198624138,0.03964727505571863,0.03972726735822792,0.058035398690688654,0.06579423663229592,0.04625309236021944,0.04957146039639775,0.2799972377732133,0.23533367876453812,0.2551148022087712,0.06488748289981384
42,35,20,uniform,-,0.09266583741565654,0.08652603643929316,0.08572576756649422,0.08402082994322463,0.0691692960296456,0.040449253604200305,0.04104236886972684,0.041301901156034715,0.058035398690688654,0.06488924878832379,0.04784477627864515,0.05246393464188188,0.2799972377732133,0.233156264179582,0.23912634362406252,0.0656687836281677
42,35,20,simple_sorted,vog,0.09266583741565654,0.09626986316920387,0.07816119165745809,0.08711114733512604,0.0691692960296456,0.04200484657014338,0.03906791251163428,0.041262804061430576,0.058035398690688654,0.06544832801977178,0.04595003163676006,0.04995115366045388,0.2799972377732133,0.22544945527621946,0.2448631101132376,0.06560868528362342
42,35,20,simple_sorted,learning_speed,0.09266583741565654,0.10037655106759932,0.09874634936017325,0.09701239903610764,0.0691692960296456,0.04015527618648671,0.040214993550647636,0.039489374393036854,0.058035398690688654,0.06676666718130951,0.04805894104498951,0.04865956698983957,0.2799972377732133,0.21629421322191159,0.22446609878352677,0.062476945766531414
42,35,20,simple_sorted,mc_variance,0.09266583741565654,0.08994485786275822,0.07947881399730733,0.07971864817935644,0.0691692960296456,0.04171117397297419,0.03975100059563929,0.03943358232776893,0.058035398690688654,0.0656636078580678,0.04752793533734742,0.05146031578931613,0.2799972377732133,0.23043105597580346,0.24168242874220452,0.06378975182713131
42,35,35,uniform,-,0.09266583741565654,0.08652603643929316,0.08572576756649422,0.08402082994322463,0.0691692960296456,0.040449253604200305,0.04104236886972684,0.041301901156034715,0.058035398690688654,0.06488924878832379,0.04784477627864515,0.05246393464188188,0.2799972377732133,0.233156264179582,0.23912634362406252,0.0656687836281677
42,35,35,simple_sorted,vog,0.09266583741565654,0.09441106070755616,0.07756885183488033,0.09003282241519583,0.0691692960296456,0.04103900375202255,0.03797487146874895,0.041316090408915436,0.058035398690688654,0.06528374801766629,0.0457610005691161,0.050190323911190826,0.2799972377732133,0.23062335812506835,0.25309226461384293,0.06464737624456934
42,35,35,simple_sorted,learning_speed,0.09266583741565654,0.1163115662863746,0.11445484760075116,0.11978879861176397,0.0691692960296456,0.04011334184247648,0.04102187908139816,0.041582308184451564,0.058035398690688654,0.06197758630025301,0.04717102559416348,0.05040441241525588,0.2799972377732133,0.1987530702692118,0.20481185547729372,0.06601827692657651
42,35,35,simple_sorted,mc_variance,0.09266583741565654,0.08939717290899982,0.08037136405986309,0.07932721749426878,0.0691692960296456,0.041080712042428705,0.038832823731496206,0.03868448310731817,0.058035398690688654,0.06462764139655683,0.04753359800949899,0.04883798922236347,0.2799972377732133,0.2279530545817377,0.2499963928065272,0.06475181183786897
42,35,50,uniform,-,0.09266583741565654,0.08652603643929316,0.08572576756649422,0.08402082994322463,0.0691692960296456,0.040449253604200305,0.04104236886972684,0.041301901156034715,0.058035398690688654,0.06488924878832379,0.04784477627864515,0.05246393464188188,0.2799972377732133,0.233156264179582,0.23912634362406252,0.0656687836281677
42,35,50,simple_sorted,vog,0.09266583741565654,0.07785731498050737,0.0823404126631642,0.08210498733916498,0.0691692960296456,0.039501640516570784,0.039985083577284496,0.0402408356652902,0.058035398690688654,0.06666580299415441,0.04811649238067103,0.049178575011466046,0.2799972377732133,0.2369965153265093,0.25174755759698236,0.06565555842311536
42,35,50,simple_sorted,learning_speed,0.09266583741565654,0.1072453187941562,0.1130470944346618,0.10733776816152665,0.0691692960296456,0.03889918395646322,0.04289121504841015,0.03991124793929835,0.058035398690688654,0.06356039268903199,0.04700440927045281,0.04834119783426822,0.2799972377732133,0.21147271551645574,0.21460040917799375,0.05796181148536547
42,35,50,simple_sorted,mc_variance,0.09266583741565654,0.0865352180884489,0.0807512201298833,0.07740071877004838,0.0691692960296456,0.04103110205478176,0.0402761112311508,0.038965581344670076,0.058035398690688654,0.06447975241023002,0.047591158877965424,0.048996419159826415,0.2799972377732133,0.23084827022140292,0.2412622424614687,0.063972899686611
69,20,20,uniform,-,0.09504216387904757,0.08688523270856374,0.08568183431752649,0.07819952919998206,0.24600644261925814,0.04179026602332435,0.04324250385207911,0.040725422725294926,0.05725577307064097,0.059430445896437895,0.0492196220947882,0.045634343040932855,0.2899507286506458,0.23099943322142355,0.23753776531556733,0.07127520998240923
69,20,20,simple_sorted,vog,0.09504216387904757,0.08837547139607617,0.0775961842916416,0.08208422854108145,0.24600644261925814,0.04176854895998892,0.0416932610864284,0.041958192972877305,0.05725577307064097,0.05984396639619668,0.04837716836327667,0.047033909215541854,0.2899507286506458,0.23754778076951302,0.23717312822173292,0.07245653639373704
69,20,20,simple_sorted,learning_speed,0.09504216387904757,0.08739462631855398,0.07423271439892198,0.07625040204231537,0.24600644261925814,0.041569138529649094,0.04085304716596631,0.03956361746036562,0.05725577307064097,0.06046227427167528,0.04771465066393634,0.04636665580018027,0.2899507286506458,0.23727574001829377,0.24290807448576382,0.06791158146380441
69,20,20,simple_sorted,mc_variance,0.09504216387904757,0.07919698013743139,0.0805448278954167,0.07314252723754189,0.24600644261925814,0.04010983838734449,0.04332361713179886,0.04052829394026267,0.05725577307064097,0.05966974643956381,0.04964669521302232,0.04659901014268893,0.2899507286506458,0.24070503294819232,0.2448784237057849,0.0702733326051933
69,20,35,uniform,-,0.09504216387904757,0.08688523270856374,0.08568183431752649,0.07819952919998206,0.24600644261925814,0.04179026602332435,0.04324250385207911,0.040725422725294926,0.05725577307064097,0.059430445896437895,0.0492196220947882,0.045634343040932855,0.2899507286506458,0.23099943322142355,0.23753776531556733,0.07127520998240923
69,20,35,simple_sorted,vog,0.09504216387904757,0.08058973320392,0.08763241025403297,0.0828161696308153,0.24600644261925814,0.04054548931668345,0.042823954434654435,0.0410775850700444,0.05725577307064097,0.060202616845697214,0.05063404697836204,0.04639804293981361,0.2899507286506458,0.23684832108278406,0.2370828087999685,0.07207076067072
69,20,35,simple_sorted,learning_speed,0.09504216387904757,0.09063531276440774,0.07550118750884753,0.08396187231673855,0.24600644261925814,0.043135232091974736,0.04179973390519107,0.04320064424443723,0.05725577307064097,0.061576220431114076,0.04701872289543595,0.04748954084213755,0.2899507286506458,0.23008267959115078,0.23337457503223233,0.06776655311668786
69,20,35,simple_sorted,mc_variance,0.09504216387904757,0.08210476388803992,0.07370680096240192,0.07500833929969837,0.24600644261925814,0.04161615535659571,0.041019123536467895,0.04008012904137117,0.05725577307064097,0.06060576036481746,0.04814616873175912,0.04653575599160588,0.2899507286506458,0.22911506551656366,0.23082931196291462,0.07059863063347598
69,20,50,uniform,-,0.09504216387904757,0.08688523270856374,0.08568183431752649,0.07819952919998206,0.24600644261925814,0.04179026602332435,0.04324250385207911,0.040725422725294926,0.05725577307064097,0.059430445896437895,0.0492196220947882,0.045634343040932855,0.2899507286506458,0.23099943322142355,0.23753776531556733,0.07127520998240923
69,20,50,simple_sorted,vog,0.09504216387904757,0.08484851777759803,0.08157003851026459,0.07334407013474982,0.24600644261925814,0.04112424987093426,0.040385577261960265,0.03789954581711559,0.05725577307064097,0.05826312992938263,0.04914166545366542,0.045880336588631034,0.2899507286506458,0.2374089963309657,0.23260563483172644,0.06849653828589058
69,20,50,simple_sorted,learning_speed,0.09504216387904757,0.08403758370988273,0.08981279541935829,0.07659327082273339,0.24600644261925814,0.042072132460367374,0.049760759047587484,0.04366538920853404,0.05725577307064097,0.059789693184036145,0.04940760874523929,0.04830391801518502,0.2899507286506458,0.239189745635087,0.24368728682662275,0.06691061361365327
69,20,50,simple_sorted,mc_variance,0.09504216387904757,0.0844012498266321,0.07873968081019388,0.07925977897832609,0.24600644261925814,0.04091798664847213,0.04000379977731787,0.04082105740435144,0.05725577307064097,0.059009423490776564,0.04867147901273262,0.04703127186669127,0.2899507286506458,0.2365710744689162,0.24149142267193446,0.07097804347283714
69,35,20,uniform,-,0.09504216387904757,0.08688523270856374,0.08568183431752649,0.07819952919998206,0.24600644261925814,0.04179026602332435,0.04324250385207911,0.040725422725294926,0.05725577307064097,0.059430445896437895,0.0492196220947882,0.045634343040932855,0.2899507286506458,0.23099943322142355,0.23753776531556733,0.07127520998240923
69,35,20,simple_sorted,vog,0.09504216387904757,0.08282562157804872,0.07149826508020919,0.07433635093643709,0.24600644261925814,0.041752308350921016,0.03847994380830694,0.0399404061216338,0.05725577307064097,0.058686612288333065,0.047651525914636055,0.04626062081938101,0.2899507286506458,0.2335888697731003,0.23186271551315818,0.07086892469926995
69,35,20,simple_sorted,learning_speed,0.09504216387904757,0.0934050835068722,0.09111492137654371,0.08611823801822258,0.24600644261925814,0.04039007298925886,0.04132314056243459,0.03925836462004478,0.05725577307064097,0.060915435620547,0.04939740892926434,0.04632822812164298,0.2899507286506458,0.23071225921391036,0.23957003263687104,0.06944204735146993
69,35,20,simple_sorted,mc_variance,0.09504216387904757,0.08225271422498838,0.08179289836195278,0.08117886940206093,0.24600644261925814,0.04194296957087039,0.042770741252298,0.04036174592452609,0.05725577307064097,0.059781959192754155,0.049130546202234754,0.04614386511693425,0.2899507286506458,0.2295142138168245,0.22644434977608252,0.071841880474203
69,35,35,uniform,-,0.09504216387904757,0.08688523270856374,0.08568183431752649,0.07819952919998206,0.24600644261925814,0.04179026602332435,0.04324250385207911,0.040725422725294926,0.05725577307064097,0.059430445896437895,0.0492196220947882,0.045634343040932855,0.2899507286506458,0.23099943322142355,0.23753776531556733,0.07127520998240923
69,35,35,simple_sorted,vog,0.09504216387904757,0.08480248307451069,0.08034006004220356,0.08142861339401268,0.24600644261925814,0.04141810766946962,0.042868050873108784,0.04326114845822397,0.05725577307064097,0.05981647809962245,0.049479118551941426,0.04614561251929008,0.2899507286506458,0.23049918467028904,0.2291866173210219,0.07006874657098812
69,35,35,simple_sorted,learning_speed,0.09504216387904757,0.1091244616722978,0.09982162163037211,0.09861969900673354,0.24600644261925814,0.040662932737508956,0.04189732286513364,0.040881562028026855,0.05725577307064097,0.06525432984342085,0.048065046645292736,0.04680129748784051,0.2899507286506458,0.22419922618828494,0.2365516042428307,0.07039854229082058
69,35,35,simple_sorted,mc_variance,0.09504216387904757,0.08299680163939283,0.0787744914548443,0.0724288714857191,0.24600644261925814,0.04099772242898586,0.04232520934162304,0.038459722906948844,0.05725577307064097,0.06006321226884201,0.04855864425357297,0.045009295453534444,0.2899507286506458,0.231844772290153,0.2349154218475102,0.06868943741841495
69,35,50,uniform,-,0.09504216387904757,0.08688523270856374,0.08568183431752649,0.07819952919998206,0.24600644261925814,0.04179026602332435,0.04324250385207911,0.040725422725294926,0.05725577307064097,0.059430445896437895,0.0492196220947882,0.045634343040932855,0.2899507286506458,0.23099943322142355,0.23753776531556733,0.07127520998240923
69,35,50,simple_sorted,vog,0.09504216387904757,0.08603574247921214,0.07713034997997577,0.07163562871298458,0.24600644261925814,0.042028341798864326,0.04273637577592473,0.03969932278794341,0.05725577307064097,0.05886202348024065,0.04852410463186411,0.04393410184598457,0.2899507286506458,0.23005468484694924,0.23659954886071105,0.06797334627927169
69,35,50,simple_sorted,learning_speed,0.09504216387904757,0.10759116515509869,0.09771317299556685,0.08658123676339648,0.24600644261925814,0.040732622283236,0.04191926277127853,0.04091742742369032,0.05725577307064097,0.06686327915265537,0.048079862605159826,0.04521167611442486,0.2899507286506458,0.23243112179994116,0.24200498097537776,0.06718474409903431
69,35,50,simple_sorted,mc_variance,0.09504216387904757,0.08917410987706922,0.08086940432561252,0.07577968392110496,0.24600644261925814,0.04252436249850473,0.04201780834307302,0.03786289022440213,0.05725577307064097,0.059973650369185005,0.04919291697092062,0.04531319931718481,0.2899507286506458,0.23954500102809465,0.24240875431502967,0.06849023143528486
420,20,20,uniform,-,0.10272646940290722,0.09056666600957579,0.08603641082906982,0.08210074589267793,0.09126306399916509,0.04060755629935715,0.03972143402755431,0.038770585347041704,0.059058243290257835,0.057188537744903144,0.0472122676872587,0.04495629399404647,0.16381649511970564,0.20141201379959617,0.22382434084279598,0.06263990012273807
420,20,20,simple_sorted,vog,0.10272646940290722,0.08988499005007025,0.08638996542884876,0.09135806036066196,0.09126306399916509,0.04021392838661172,0.04068996967763819,0.040955632258964474,0.059058243290257835,0.05848519668172721,0.04824837278646861,0.04803450218405457,0.16381649511970564,0.19810467853059,0.22629963157219127,0.06563823864830032
420,20,20,simple_sorted,learning_speed,0.10272646940290722,0.09069551822871662,0.08850599478449611,0.08616658796252911,0.09126306399916509,0.04031459219476213,0.041266984447708786,0.0401447754534746,0.059058243290257835,0.05859215221948629,0.0480285149024347,0.047747351018908805,0.16381649511970564,0.1991732270403789,0.22567627378437513,0.06457117961057277
420,20,20,simple_sorted,mc_variance,0.10272646940290722,0.09266625520797632,0.08296773590431081,0.0970011390322102,0.09126306399916509,0.04086281358341774,0.03995480366627603,0.04231588847316097,0.059058243290257835,0.05912185028632438,0.04741846624499998,0.05054186428853274,0.16381649511970564,0.20396031588608718,0.22062761141883835,0.06724141997766402
420,20,35,uniform,-,0.10272646940290722,0.09056666600957579,0.08603641082906982,0.08210074589267793,0.09126306399916509,0.04060755629935715,0.03972143402755431,0.038770585347041704,0.059058243290257835,0.057188537744903144,0.0472122676872587,0.04495629399404647,0.16381649511970564,0.20141201379959617,0.22382434084279598,0.06263990012273807
420,20,35,simple_sorted,vog,0.10272646940290722,0.09225091896490832,0.08807904250069061,0.09259010657660748,0.09126306399916509,0.04024708318846957,0.039889369789713774,0.04063507028158893,0.059058243290257835,0.057630559919153584,0.047549683841869986,0.046514162122708494,0.16381649511970564,0.19980272961037565,0.22251211027733703,0.06499631161305665
420,20,35,simple_sorted,learning_speed,0.10272646940290722,0.10351651597600495,0.10319514859152853,0.08615685452109095,0.09126306399916509,0.042887090133732576,0.04541841755623804,0.04100239837067175,0.059058243290257835,0.058601190421089126,0.0500459737651046,0.047653398661568605,0.16381649511970564,0.19946476822986114,0.2218661537807442,0.06248711714107536
420,20,35,simple_sorted,mc_variance,0.10272646940290722,0.09632197395151226,0.08092246112172932,0.08560078567169235,0.09126306399916509,0.04205133108833116,0.04028713423064923,0.04132600158538381,0.059058243290257835,0.05878660783757145,0.04658322391684173,0.047023220291834346,0.16381649511970564,0.20111644291456182,0.22341497426885518,0.06511133358848586
420,20,50,uniform,-,0.10272646940290722,0.09056666600957579,0.08603641082906982,0.08210074589267793,0.09126306399916509,0.04060755629935715,0.03972143402755431,0.038770585347041704,0.059058243290257835,0.057188537744903144,0.0472122676872587,0.04495629399404647,0.16381649511970564,0.20141201379959617,0.22382434084279598,0.06263990012273807
420,20,50,simple_sorted,vog,0.10272646940290722,0.09061111616605116,0.09531184546262747,0.08409546862954381,0.09126306399916509,0.041459272174234035,0.04436074847136664,0.040514580294874133,0.059058243290257835,0.05856817050341684,0.05128491215106856,0.04685006018956854,0.16381649511970564,0.20063098708866622,0.22237180586179722,0.06428727671533296
420,20,50,simple_sorted,learning_speed,0.10272646940290722,0.09438042256482096,0.09681176231806667,0.08559250148050984,0.09126306399916509,0.042034638372055094,0.04679008145045414,0.04341549292676428,0.059058243290257835,0.05713655682116763,0.04840597323970235,0.04755990793511032,0.16381649511970564,0.2029129287817155,0.22892638273932375,0.061892664619887974
420,20,50,simple_sorted,mc_variance,0.10272646940290722,0.08735055529829658,0.08309638117188224,0.088138324932715,0.09126306399916509,0.04024002681830551,0.040189801656072666,0.042168971870553525,0.059058243290257835,0.057246431172322886,0.04746395728834835,0.04662202367085941,0.16381649511970564,0.2031249318469484,0.22623248699840254,0.06587766008433284
420,35,20,uniform,-,0.10272646940290722,0.09056666600957579,0.08603641082906982,0.08210074589267793,0.09126306399916509,0.04060755629935715,0.03972143402755431,0.038770585347041704,0.059058243290257835,0.057188537744903144,0.0472122676872587,0.04495629399404647,0.16381649511970564,0.20141201379959617,0.22382434084279598,0.06263990012273807
420,35,20,simple_sorted,vog,0.10272646940290722,0.09870066550835135,0.09167324925081835,0.09422453252384112,0.09126306399916509,0.04106740049783002,0.04061729067717719,0.040519188946502596,0.059058243290257835,0.05847896903538875,0.04745085218299735,0.0463512751135169,0.16381649511970564,0.20409344713439642,0.22517286208851633,0.06514356424391621
420,35,20,simple_sorted,learning_speed,0.10272646940290722,0.10157200810464961,0.10227852037385496,0.09031904869249299,0.09126306399916509,0.03983242969458287,0.04097901668111369,0.038732614353256443,0.059058243290257835,0.06193590038839994,0.05020378450035851,0.046632226323580044,0.16381649511970564,0.20312833739170158,0.22168149742021542,0.06465805513685485
420,35,20,simple_sorted,mc_variance,0.10272646940290722,0.09657152866998994,0.09476775552633665,0.08907284079008154,0.09126306399916509,0.04156919980800596,0.042983821128364276,0.042739345419372736,0.059058243290257835,0.05921415142677869,0.04974524883783253,0.04607667003340265,0.16381649511970564,0.20111592579450027,0.22284886457596875,0.06423411610552744
420,35,35,uniform,-,0.10272646940290722,0.09056666600957579,0.08603641082906982,0.08210074589267793,0.09126306399916509,0.04060755629935715,0.03972143402755431,0.038770585347041704,0.059058243290257835,0.057188537744903144,0.0472122676872587,0.04495629399404647,0.16381649511970564,0.20141201379959617,0.22382434084279598,0.06263990012273807
420,35,35,simple_sorted,vog,0.10272646940290722,0.09551674825863501,0.08419273563145531,0.08902928078463333,0.09126306399916509,0.04126656212574432,0.039008413686451734,0.03925748732165143,0.059058243290257835,0.05899379612268765,0.04664999121252714,0.04617964518815691,0.16381649511970564,0.20352937407015817,0.21966985166658354,0.0653025539544336
420,35,35,simple_sorted,learning_speed,0.10272646940290722,0.123125194972892,0.1075844342792264,0.10667315745671904,0.09126306399916509,0.04175324009619333,0.03947097093806226,0.04123153987108465,0.059058243290257835,0.06416506541652711,0.04748657690469375,0.04889138828804299,0.16381649511970564,0.2116561245121984,0.2334077334825557,0.06666347928974624
420,35,35,simple_sorted,mc_variance,0.10272646940290722,0.09171202438512888,0.08302157678288277,0.08519935277919043,0.09126306399916509,0.040815923138812486,0.0399691598804769,0.04088566856602885,0.059058243290257835,0.058705372578146446,0.047388369890623616,0.0470029599902771,0.16381649511970564,0.1981777250181247,0.22165391487316438,0.06456886726652944
420,35,50,uniform,-,0.10272646940290722,0.09056666600957579,0.08603641082906982,0.08210074589267793,0.09126306399916509,0.04060755629935715,0.03972143402755431,0.038770585347041704,0.059058243290257835,0.057188537744903144,0.0472122676872587,0.04495629399404647,0.16381649511970564,0.20141201379959617,0.22382434084279598,0.06263990012273807
420,35,50,simple_sorted,vog,0.10272646940290722,0.09329788294748334,0.08624373033856379,0.08900493474744418,0.09126306399916509,0.04124629538516943,0.03969824833309753,0.040919268233728275,0.059058243290257835,0.059114428370053027,0.048346552521600604,0.04683960994832345,0.16381649511970564,0.19918310571981554,0.22265670341686555,0.06453107194956721
420,35,50,simple_sorted,learning_speed,0.10272646940290722,0.11629573142711208,0.11676820009224967,0.11012785303904996,0.09126306399916509,0.03997408462458832,0.04217640212750367,0.042947428069346955,0.059058243290257835,0.0656309743975168,0.04858374031591495,0.04964000742014561,0.16381649511970564,0.21020110510655612,0.23150431852209544,0.06540595220442137
420,35,50,simple_sorted,mc_variance,0.10272646940290722,0.09030939020617905,0.08568118117083079,0.09020051411691421,0.09126306399916509,0.040552679105611104,0.03989475968915617,0.04071423303773546,0.059058243290257835,0.05728623981824156,0.04756743959385714,0.04690122861656354,0.16381649511970564,0.20153998017076893,0.22136071248232497,0.06581707284117963
80085,20,20,uniform,-,0.10452935817037781,0.09299918925237727,0.0898826700946923,0.09296018359570354,0.04965863624069957,0.04265694406449282,0.043974174742712334,0.044373771044449686,0.04986934501556118,0.05986716975543007,0.04783689490852926,0.04971654677694518,0.16067832837170373,0.16278380050172037,0.17496947595787424,0.06555372043302345
80085,20,20,simple_sorted,vog,0.10452935817037781,0.08708955483806646,0.08880022540872662,0.08250304029769256,0.04965863624069957,0.04143422428721343,0.04426527207765333,0.041264648970355276,0.04986934501556118,0.05851478971165719,0.04797783106417041,0.0462448281613779,0.16067832837170373,0.16280380517888396,0.17278101214725516,0.06347439940177153
80085,20,20,simple_sorted,learning_speed,0.10452935817037781,0.09385390960516107,0.09710262508835465,0.0868327339509897,0.04965863624069957,0.042580861143533,0.04657583783212569,0.043480742490052494,0.04986934501556118,0.05945950456264604,0.04814453770194716,0.04907717345891635,0.16067832837170373,0.1634124482310357,0.17327000396893394,0.0625728253414214
80085,20,20,simple_sorted,mc_variance,0.10452935817037781,0.08990974975469027,0.0863128923509478,0.09189773813899177,0.04965863624069957,0.041328556763066945,0.04207580588266979,0.04310351490632852,0.04986934501556118,0.059159163156793336,0.046063191516661946,0.04894762350566887,0.16067832837170373,0.16199370334565288,0.17381094012607057,0.06540178608566465
80085,20,35,uniform,-,0.10452935817037781,0.09299918925237727,0.0898826700946923,0.09296018359570354,0.04965863624069957,0.04265694406449282,0.043974174742712334,0.044373771044449686,0.04986934501556118,0.05986716975543007,0.04783689490852926,0.04971654677694518,0.16067832837170373,0.16278380050172037,0.17496947595787424,0.06555372043302345
80085,20,35,simple_sorted,vog,0.10452935817037781,0.08758761124980963,0.0841799547220891,0.08582671962630554,0.04965863624069957,0.041773688963969324,0.04351367308280529,0.04264384429570939,0.04986934501556118,0.058902146015367786,0.047185779953768194,0.04800006285449979,0.16067832837170373,0.16165299453060847,0.17648982744085764,0.06467924886227591
80085,20,35,simple_sorted,learning_speed,0.10452935817037781,0.08786177446626521,0.08513071851687919,0.0972785571395791,0.04965863624069957,0.04205181919742792,0.04636811048731763,0.04960535098625118,0.04986934501556118,0.06270953120615315,0.04627348978214654,0.05246440626734452,0.16067832837170373,0.1558182810987611,0.16750349206868229,0.0644667956590184
80085,20,35,simple_sorted,mc_variance,0.10452935817037781,0.08472889705984178,0.08214609763201546,0.0890905203585924,0.04965863624069957,0.04108374801952723,0.04236350202970313,0.043194441125864284,0.04986934501556118,0.058578876744467184,0.04554698448452952,0.049033316447052694,0.16067832837170373,0.1641740831738605,0.17272723892114486,0.06507358195036943
80085,20,50,uniform,-,0.10452935817037781,0.09299918925237727,0.0898826700946923,0.09296018359570354,0.04965863624069957,0.04265694406449282,0.043974174742712334,0.044373771044449686,0.04986934501556118,0.05986716975543007,0.04783689490852926,0.04971654677694518,0.16067832837170373,0.16278380050172037,0.17496947595787424,0.06555372043302345
80085,20,50,simple_sorted,vog,0.10452935817037781,0.09156072522765389,0.08716268151689154,0.0900858278269822,0.04965863624069957,0.04245964620038226,0.044706582886441734,0.04310322429525818,0.04986934501556118,0.06094734129090301,0.04762440949562972,0.04939970873836397,0.16067832837170373,0.16449662650732255,0.1775393172191028,0.06548631120992784
80085,20,50,simple_sorted,learning_speed,0.10452935817037781,0.0929203600324856,0.08646682083046914,0.0925980552375405,0.04965863624069957,0.04318264241204904,0.04690239402147965,0.048732436693841884,0.04986934501556118,0.06146540144364611,0.04663559481064523,0.05187937675026417,0.16067832837170373,0.16716925779353894,0.17814390223714832,0.06376246747895636
80085,20,50,simple_sorted,mc_variance,0.10452935817037781,0.08451367390963092,0.08214013504616648,0.09618012986440089,0.04965863624069957,0.04118544829950633,0.04215111452392316,0.045746883485242085,0.04986934501556118,0.05900138171258788,0.04660487851188799,0.05128337107248312,0.16067832837170373,0.1652964475346923,0.17791019839715863,0.06770822921061563
80085,35,20,uniform,-,0.10452935817037781,0.09299918925237727,0.0898826700946923,0.09296018359570354,0.04965863624069957,0.04265694406449282,0.043974174742712334,0.044373771044449686,0.04986934501556118,0.05986716975543007,0.04783689490852926,0.04971654677694518,0.16067832837170373,0.16278380050172037,0.17496947595787424,0.06555372043302345
80085,35,20,simple_sorted,vog,0.10452935817037781,0.09515727444326766,0.09205730174710948,0.08422088894111003,0.04965863624069957,0.044256288889144416,0.04663995897189253,0.04412908779515919,0.04986934501556118,0.06292122836659214,0.04846683093442004,0.04743567701196169,0.16067832837170373,0.16569633240315676,0.1758146885570234,0.06290927956755363
80085,35,20,simple_sorted,learning_speed,0.10452935817037781,0.10174179077148438,0.10175079528612485,0.10118166326710451,0.04965863624069957,0.041353817040735805,0.043778148831474066,0.042777405837203845,0.04986934501556118,0.05853692417851983,0.046919250148531474,0.047910705794269495,0.16067832837170373,0.15829219307552855,0.17033690342968713,0.06582816843902198
80085,35,20,simple_sorted,mc_variance,0.10452935817037781,0.08671944057711621,0.08274309091855557,0.09136055957192663,0.04965863624069957,0.04198228404310166,0.043295237942889635,0.044773377456774344,0.04986934501556118,0.06052829378800426,0.04669192665904414,0.0506553177551202,0.16067832837170373,0.1648105591359916,0.17468421187522604,0.06609376544802503
80085,35,35,uniform,-,0.10452935817037781,0.09299918925237727,0.0898826700946923,0.09296018359570354,0.04965863624069957,0.04265694406449282,0.043974174742712334,0.044373771044449686,0.04986934501556118,0.05986716975543007,0.04783689490852926,0.04971654677694518,0.16067832837170373,0.16278380050172037,0.17496947595787424,0.06555372043302345
80085,35,35,simple_sorted,vog,0.10452935817037781,0.08781273601907229,0.08475161246951712,0.08212422617461147,0.04965863624069957,0.04328980322895214,0.04468160727645743,0.04300605041591349,0.04986934501556118,0.06109407222528252,0.04800085442199454,0.04856720217104175,0.16067832837170373,0.1649510185938687,0.18065810297233417,0.06500993753931611
80085,35,35,simple_sorted,learning_speed,0.10452935817037781,0.12336722754395014,0.11040132586695567,0.10432532490095288,0.04965863624069957,0.043744737917509324,0.04350458264009317,0.040806392202404645,0.04986934501556118,0.058442581933575176,0.046800748346652786,0.045983755496172334,0.16067832837170373,0.14600619386830357,0.14705076409697768,0.06172005343296673
80085,35,35,simple_sorted,mc_variance,0.10452935817037781,0.08160050670757661,0.08276442802606451,0.08478335036656318,0.04965863624069957,0.04078092622893587,0.04278183680209184,0.04302626496399713,0.04986934501556118,0.057546865102264456,0.04666115397172008,0.04833566538853479,0.16067832837170373,0.16643423298721463,0.17677615058913915,0.0630149008131683
80085,35,50,uniform,-,0.10452935817037781,0.09299918925237727,0.0898826700946923,0.09296018359570354,0.04965863624069957,0.04265694406449282,0.043974174742712334,0.044373771044449686,0.04986934501556118,0.05986716975543007,0.04783689490852926,0.04971654677694518,0.16067832837170373,0.16278380050172037,0.17496947595787424,0.06555372043302345
80085,35,50,simple_sorted,vog,0.10452935817037781,0.08672881373897143,0.0898373398637041,0.0853149994021881,0.04965863624069957,0.04209234502732241,0.045362365826494715,0.04400019003531994,0.04986934501556118,0.06325609247263585,0.04852014964762879,0.04968282426993492,0.16067832837170373,0.16426870256135412,0.17429969727641706,0.06507110853326344
80085,35,50,simple_sorted,learning_speed,0.10452935817037781,0.11965149437738891,0.11401184195642476,0.11556469999323726,0.04965863624069957,0.042930288847674615,0.04587564632339259,0.046604706564742034,0.04986934501556118,0.059807645727008765,0.04747700806672097,0.04757563501810856,0.16067832837170373,0.1484548991696071,0.1497676703925217,0.06298750756063255
80085,35,50,simple_sorted,mc_variance,0.10452935817037781,0.08879701182562941,0.08170650998849534,0.09115600250053689,0.04965863624069957,0.041753324874834206,0.042108736407107814,0.04479657695081651,0.04986934501556118,0.058513221222191936,0.04582211159182043,0.04864936549160846,0.16067832837170373,0.161710711031391,0.1764082702531796,0.06635908504366173
